{
  "currencyPair": "USDEUR",
  "mid": 0.9200000000,
  "bid": 0.9195000000,
  "ask": 0.9205000000,
  "timestamp": 1709827200000
}
